person_id|person_id_type|bi_date|de_date|de_cause|bi_country|ethnicity|bi_country_parents|sex
01000|1|1929-07-01|||GRC|European||2
01001|1|1988-08-26|2025-04-21|Alcoholic liver disease|ROU|Middle Eastern or North African||1
01002|2|2003-10-09|||AND|Middle Eastern or North African||1
01003|2|1929-12-03|||IRL|European||1
01004|2|1982-07-15|||LIE|American Indian||1
01005|2|1973-12-01|||SVN|European||2
01006|2|1976-01-04|2025-05-19|Suicide by intentional self-harm|DNK|European||1
01007|2|1989-04-19|||CHE|European||2
01008|2|1971-10-22|||NOR|Middle Eastern or North African||1
01009|1|1961-09-05|||NOR|European||1
01010|2|1999-05-19|||EST|European||2
01011|2|1976-11-11|2025-06-27|Intracerebral hemorrhage|SVK|European||2
01012|2|1947-11-09|||ROU|European||2
01013|2|2003-10-13|||FIN|European||1
01014|1|1965-08-22|||CZE|European||1
01015|1|1937-01-26|2025-07-14|Parkinson’s disease|DNK|Middle Eastern or North African||1
01016|1|1963-10-03|2025-05-26||ROU|Black||1
01017|2|2000-06-16|2025-06-06|Alcoholic liver disease|IRL|European||2
01018|1|1952-10-05|2025-07-24|Acute myeloid leukemia|DNK|European||1
01019|1|1943-03-31|||UKR|European||2
01020|2|1945-04-25|2025-09-14|Acute myocardial infarction|ESP|Pakistani||2
01021|1|1994-05-12|||LUX|Middle Eastern or North African||2
01022|1|1942-11-12|2025-09-08|Sepsis|BEL|European||2
01023|2|1926-06-25|2025-08-18|Type 2 diabetes mellitus|AND|American Indian||1
01024|1|1979-08-26|2025-06-09|Acute myocardial infarction|ROU|Chinese||2
01025|2|1936-09-17|||DEU|Asian||2
01026|1|2005-01-19|2025-04-21||ITA|European||1
01027|2|1942-04-24|||ITA|European||2
01028|2|1965-09-12|||LTU|Japanese||1
01029|1|1994-02-03|||AND|Pakistani||1
01030|2|1954-07-18|||BEL|Black||1
01031|2|1926-11-26|2025-07-21|Intracerebral hemorrhage|LUX|Middle Eastern or North African||2
01032|1|1985-09-27|||MLT|Asian||1
01033|1|2005-08-23|||MLT|European||1
01034|1|1948-04-03|2025-06-25|Alcoholic liver disease|BEL|Middle Eastern or North African||2
01035|1|2006-09-21|||SWE|European||1
01036|2|1968-11-01|||AUT|Asian||1
01037|1|1990-10-02|2025-09-07|Essential hypertension|SWE|European||1
01038|2|1926-08-24|2025-07-02|Essential hypertension|ITA|Asian||2
01039|1|2000-08-09|2025-04-17|Colon cancer|AUT|European||1
01040|1|1994-09-18|||PRT|Middle Eastern or North African||1
01041|1|1962-11-10|2025-06-23|Alzheimer’s disease|SVN|European||1
01042|2|1946-07-25|2025-03-14||ITA|Chinese||2
01043|1|1945-01-27|||LVA|Asian||2
01044|1|2001-05-19|2025-07-11|Alzheimer’s disease|EST|Chinese||2
01045|1|1967-12-06|2025-07-03|Alcoholic liver disease|LVA|American Indian||2
01046|2|1944-05-06|2025-05-17||CHE|European||1
01047|1|1983-09-20|||DEU|European||1
01048|2|1933-01-08|||BEL|European||2
01049|2|1945-08-31|||CZE|Middle Eastern or North African||1
01050|2|1991-05-05|||LIE|Middle Eastern or North African||2
01051|1|1962-11-11|2025-07-25|Alcoholic liver disease|NLD|European||1
01052|2|1947-06-11|||EST|European||1
01053|1|1982-02-19|||AND|Chinese||2
01054|2|1970-09-09|||DNK|Black||2
01055|1|2005-05-06|2025-06-14|Liver cirrhosis|NLD|European||1
01056|2|1970-11-22|2025-03-28|Breast cancer|IRL|Black||2
01057|1|1945-10-19|2025-06-15|Colon cancer|LVA|Black||2
01058|1|1938-10-21|||DNK|European||1
01059|2|1974-10-10|2025-07-04||FRA|Black||2
01060|1|1926-03-31|||EST|European||2
01061|2|2004-05-16|||SWE|American Indian||2
01062|2|1968-11-02|2025-07-24|Parkinson’s disease|FIN|European||2
01063|1|1957-05-01|||PRT|European||2
01064|2|1948-03-02|2025-09-17|Congestive heart failure|IRL|Middle Eastern or North African||2
01065|1|1932-05-06|2025-09-22||POL|Middle Eastern or North African||2
01066|1|1984-11-28|2025-06-27|Alcoholic liver disease|LTU|European||1
01067|1|1952-02-26|||SVK|European||2
01068|1|1966-02-18|2025-03-11|Congestive heart failure|SWE|Middle Eastern or North African||1
01069|2|1975-04-09|||LTU|European||2
01070|1|1972-09-13|||ITA|European||1
01071|2|1942-10-04|2025-07-27||EST|Middle Eastern or North African||2
01072|1|1948-10-05|2025-10-04||PRT|European||2
01073|1|2006-04-28|||CHE|European||1
01074|1|1964-01-30|2025-08-03|Suicide by intentional self-harm|GRC|Unknown||1
01075|2|1968-09-16|2025-07-13|Congestive heart failure|ROU|European||2
01076|2|1927-10-26|||LVA|European||1
01077|2|1999-12-11|2025-07-23|Alcoholic liver disease|POL|Black||1
01078|1|1958-05-09|||MLT|Pakistani||1
01079|1|1935-09-24|2025-06-27|Chronic kidney failure|FRA|European||1
01080|2|1926-02-14|2025-08-12|Colon cancer|IRL|European||1
01081|1|1948-04-28|||MLT|European||1
01082|2|1932-07-29|||NOR|European||1
01083|2|1996-04-17|||DEU|Japanese||1
01084|2|2000-09-01|2025-07-27|Breast cancer|NOR|European||1
01085|2|1932-05-26|||PRT|European||2
01086|2|1990-01-04|||LVA|Pakistani||1
01087|1|1972-11-27|2025-05-14|Lung cancer|DNK|European||2
01088|1|1963-02-06|||MLT|Asian||1
01089|2|1956-11-05|||ESP|Black||2
01090|1|2004-02-04|||CZE|European||1
01091|2|1990-08-13|||DEU|European||1
01092|1|1976-08-13|2025-07-06|Breast cancer|NOR|European||1
01093|1|1956-05-03|||LVA|European||2
01094|2|1968-07-03|||ESP|European||2
01095|2|1994-04-25|2025-07-19|Parkinson’s disease|SWE|European||1
01096|2|1985-02-01|||HUN|European||2
01097|1|1956-11-16|||HUN|European||2
01098|1|1958-09-11|2025-03-31|Chronic obstructive pulmonary disease (COPD)|ITA|Middle Eastern or North African||1
01099|1|1968-06-27|||IRL|European||1
01100|1|1979-03-14|2025-09-12||GRC|European||1
01101|1|1984-04-03|||CZE|European||2
01102|1|1936-08-26|2025-08-01|Liver cirrhosis|FIN|Unknown||1
01103|1|2003-02-13|||SVK|European||2
01104|1|1941-12-01|2025-07-05|Liver cirrhosis|NOR|European||2
01105|2|1977-08-06|||MLT|Chinese||1
01106|1|2002-11-13|||NLD|Japanese||2
01107|2|1932-05-15|||DNK|European||1
01108|2|1966-02-15|||CHE|Black||1
01109|1|1950-12-19|||POL|Chinese||1
01110|1|1977-10-14|||FIN|Asian||2
01111|2|1966-01-14|2025-07-01|Sepsis|UKR|European||2
01112|2|1949-09-02|||EST|European||1
01113|1|1958-10-04|||FRA|American Indian||1
01114|1|1947-12-15|||ITA|European||2
01115|2|1940-11-09|||DEU|European||1
01116|2|1999-10-21|2025-07-03||CZE|Middle Eastern or North African||1
01117|1|1980-10-22|2025-08-22||UKR|Middle Eastern or North African||2
01118|2|1986-01-15|2025-04-24|Intracerebral hemorrhage|CZE|European||2
01119|2|1956-03-09|||FRA|Black||1
01120|2|1989-10-15|2025-08-12|Acute myeloid leukemia|BEL|European||1
01121|1|1988-10-03|2025-08-29|Chronic obstructive pulmonary disease (COPD)|SVN|Asian||2
01122|1|1958-08-14|2025-05-18||HUN|European||1
01123|1|1957-07-23|||DNK|European||2
01124|2|1963-03-30|2025-06-14|Chronic obstructive pulmonary disease (COPD)|SVK|European||2
01125|1|2002-03-01|||LIE|European||1
01126|1|1949-07-13|||HUN|European||2
01127|1|1943-08-24|2025-09-03|Parkinson’s disease|CHE|Chinese||2
01128|1|1967-03-02|||SVK|European||2
01129|1|1936-03-07|||BEL|Chinese||1
01130|2|1976-11-22|||NLD|European||2
01131|1|1983-04-27|2025-08-09|Liver cirrhosis|UKR|Chinese||2
01132|2|1946-04-03|2025-10-06|Chronic obstructive pulmonary disease (COPD)|UKR|European||1
01133|2|1967-05-23|||FRA|Chinese||2
01134|2|1966-01-10|||CHE|American Indian||1
01135|1|1991-10-16|||SVN|European||2
01136|1|1951-10-11|2025-04-06|Liver cirrhosis|EST|Black||2
01137|2|1969-01-29|||GRC|European||2
01138|1|1975-12-22|2025-06-15|Traffic accident|SVN|European||2
01139|2|1951-09-20|2025-07-12|Breast cancer|GRC|Middle Eastern or North African||1
01140|2|1979-04-27|2025-08-11|Parkinson’s disease|ESP|European||1
01141|1|1963-07-20|||ROU|Pakistani||2
01142|1|2001-07-11|||POL|European||1
01143|1|1972-07-30|2025-07-11||MLT|European||2
01144|1|2006-11-27|||LIE|Black||1
01145|2|1992-07-10|2025-04-11|Sepsis|LIE|Chinese||2
01146|2|2001-01-10|2025-08-10|Sepsis|NLD|Japanese||1
01147|2|1981-12-31|||ROU|European||2
01148|1|1940-08-25|||AUT|American Indian||1
01149|2|1966-06-14|2025-05-18||LTU|Black||1
01150|1|1994-07-16|||DEU|European||1
01151|2|1939-07-20|||DNK|Japanese||1
01152|1|1932-09-08|2025-07-09|Essential hypertension|AND|Black||2
01153|2|1942-11-21|2025-06-28||ITA|American Indian||2
01154|2|1935-09-21|2025-07-18|Pneumonia|BEL|Middle Eastern or North African||2
01155|1|1982-08-19|2025-06-17|Acute myeloid leukemia|BEL|European||1
01156|2|1971-10-14|||ROU|Black||2
01157|2|1968-03-05|||DNK|European||1
01158|1|1940-06-21|||ESP|European||1
01159|2|1951-03-11|2025-08-04|Type 2 diabetes mellitus|SWE|Asian||2
01160|2|1969-08-24|||SVN|Chinese||1
01161|1|1937-01-14|2025-07-31|Congestive heart failure|ITA|European||1
01162|2|1927-09-16|2025-05-17||AND|Black||2
01163|1|1955-03-02|||POL|European||1
01164|2|1962-03-21|2025-08-02|Breast cancer|POL|European||1
01165|1|1963-01-17|2025-05-10|Ischemic stroke|IRL|European||2
01166|1|1997-03-09|||HUN|Japanese||2
01167|1|1983-11-01|||CHE|Black||2
01168|2|2000-02-26|2025-07-14|Traffic accident|EST|American Indian||2
01169|2|1971-09-20|2025-08-06||LTU|Chinese||1
01170|2|1959-10-23|2025-08-04|Essential hypertension|SWE|European||2
01171|2|1954-03-28|2025-08-30||UKR|European||1
01172|2|1969-08-31|2025-08-23|Traffic accident|PRT|Asian||2
01173|1|1997-03-16|2025-06-27|Liver cirrhosis|MLT|European||2
01174|1|1981-08-14|2025-10-23|Chronic kidney failure|LIE|European||2
01175|1|1985-09-15|2025-08-26||LUX|European||2
01176|2|1990-10-04|||ROU|Asian||1
01177|2|1963-05-14|2025-09-11|Acute myocardial infarction|HUN|European||1
01178|2|1991-01-11|||BEL|European||1
01179|1|1929-12-28|2025-06-14||FIN|Pakistani||2
01180|1|2004-07-02|2025-03-11|Essential hypertension|ESP|European||1
01181|2|1929-08-16|||CZE|Middle Eastern or North African||1
01182|2|1949-05-26|||IRL|European||1
01183|2|1966-05-11|||AUT|European||2
01184|2|1952-06-29|2025-06-08|Chronic obstructive pulmonary disease (COPD)|UKR|European||2
01185|1|1958-03-03|2025-08-30|Lung cancer|AUT|European||1
01186|1|1962-02-15|||LIE|European||2
01187|1|1951-03-13|||ITA|Black||1
01188|2|1962-10-31|2025-04-06|Ischemic stroke|LIE|Chinese||1
01189|2|1972-01-01|||ITA|Middle Eastern or North African||1
01190|1|1937-10-28|||FRA|American Indian||1
01191|2|1998-05-02|||FRA|European||1
01192|2|1994-02-26|2025-03-15|Chronic obstructive pulmonary disease (COPD)|MLT|European||1
01193|2|1969-08-02|2025-05-24|Acute myocardial infarction|BEL|European||2
01194|2|1993-08-28|||EST|European||2
01195|1|1992-09-03|||FRA|European||1
01196|2|1930-11-01|||NOR|European||2
01197|2|1967-04-22|2025-05-17|Congestive heart failure|EST|European||1
01198|1|1979-07-14|2025-07-20||FIN|European||1
01199|2|1953-02-12|||POL|Japanese||2
01200|1|1928-11-02|2025-03-24|Congestive heart failure|DEU|Japanese||2
01201|1|1995-12-25|||GRC|Black||1
01202|1|1941-04-30|2025-07-12||EST|Black||1
01203|2|1932-05-27|||SVK|Middle Eastern or North African||1
01204|2|1974-12-06|2025-08-20|Essential hypertension|IRL|Pakistani||1
01205|2|1968-04-13|2025-06-13|Intracerebral hemorrhage|DNK|European||2
01206|1|1980-08-29|||ROU|European||2
01207|2|1962-02-17|2025-07-18|Type 2 diabetes mellitus|CZE|Middle Eastern or North African||1
01208|2|1949-08-20|||SWE|Asian||2
01209|1|2001-12-13|2025-05-26||AUT|European||1
01210|2|2002-03-23|2025-09-18||GRC|Black||2
01211|2|1965-07-12|||AUT|European||2
01212|2|1999-08-19|2025-09-21|Acute myocardial infarction|DNK|Black||1
01213|1|1949-05-08|2025-07-09||LUX|Unknown||1
01214|2|1968-03-19|2025-08-14||FRA|European||1
01215|1|1964-03-29|||DNK|American Indian||1
01216|1|1931-04-23|||NLD|Middle Eastern or North African||2
01217|2|1938-12-21|2025-05-02|Intracerebral hemorrhage|POL|European||2
01218|1|1954-10-27|2025-07-20|Congestive heart failure|DNK|European||1
01219|2|1934-06-02|||DEU|European||2
01220|1|1981-05-05|2025-05-08|Liver cirrhosis|ESP|European||2
01221|2|1990-12-22|2025-09-14|Alzheimer’s disease|IRL|European||2
01222|1|1935-10-11|||DNK|Middle Eastern or North African||1
01223|2|1948-12-03|2025-03-26|Traffic accident|NOR|European||2
01224|2|1989-02-12|||ITA|European||2
01225|1|1933-03-02|||ROU|European||2
01226|2|1999-12-29|2025-06-03||FRA|European||1
01227|2|1997-11-26|2025-04-12|Alzheimer’s disease|LIE|European||1
01228|2|1973-06-02|2025-06-27|Essential hypertension|FRA|European||1
01229|1|1952-03-23|||DNK|European||1
01230|2|1956-12-18|||FIN|Asian||1
01231|2|1968-03-26|2025-06-07||LTU|American Indian||1
01232|2|1926-02-25|2025-04-24|Chronic obstructive pulmonary disease (COPD)|LUX|European||1
01233|2|1945-03-21|2025-09-08|Liver cirrhosis|ESP|European||2
01234|2|1984-06-10|2025-07-08|Lung cancer|DNK|Black||1
01235|2|1950-12-30|||HUN|European||2
01236|2|1984-08-26|||LUX|European||2
01237|2|1935-01-10|||SVK|European||2
01238|2|1952-06-29|2025-05-21|Type 2 diabetes mellitus|AND|Middle Eastern or North African||1
01239|2|1956-08-30|||DEU|American Indian||1
01240|1|1976-06-13|||ROU|European||2
01241|1|1932-06-20|||POL|European||1
01242|2|1983-01-07|||FRA|European||1
01243|1|1968-02-07|2025-05-12|Chronic obstructive pulmonary disease (COPD)|LUX|European||1
01244|2|1940-07-23|2025-07-28|Liver cirrhosis|CZE|Black||2
01245|2|1941-02-09|2025-06-26|Breast cancer|LUX|Unknown||2
01246|1|1993-04-20|2025-05-10|Colon cancer|BEL|Chinese||2
01247|1|1937-05-29|||UKR|Middle Eastern or North African||2
01248|1|1960-06-17|2025-07-18|Acute myocardial infarction|EST|Asian||1
01249|2|1937-09-01|||FIN|European||1
01250|2|1933-03-08|||LUX|Black||1
01251|1|1991-03-17|||POL|European||2
01252|1|1960-07-23|||LIE|European||2
01253|2|1994-07-17|2025-07-30|Suicide by intentional self-harm|SWE|European||2
01254|1|1990-11-07|2025-06-22|Sepsis|LVA|European||2
01255|2|1934-04-26|2025-09-22|Chronic obstructive pulmonary disease (COPD)|MLT|European||1
01256|2|1976-09-14|2025-08-24|Colon cancer|FRA|European||1
01257|1|1975-01-25|||LTU|European||2
01258|2|1936-01-03|2025-07-20||HUN|Pakistani||1
01259|2|1969-03-02|2025-03-29|Ischemic stroke|CZE|European||1
01260|1|1996-02-17|2025-06-28|Congestive heart failure|LTU|Unknown||2
01261|1|1997-12-26|2025-06-25|Colon cancer|LVA|European||2
01262|2|1988-11-26|2025-05-28|Ischemic stroke|ROU|Japanese||2
01263|2|1991-02-27|||DNK|European||1
01264|2|1967-08-10|2025-08-02||SVN|European||2
01265|1|2001-12-28|2025-07-10|Lung cancer|BEL|European||2
01266|2|1953-11-17|2025-06-13|Chronic kidney failure|LIE|European||2
01267|2|1987-10-21|2025-05-05|Pneumonia|FIN|European||1
01268|1|2003-07-15|||PRT|European||2
01269|2|2001-07-29|2025-06-20|Breast cancer|POL|American Indian||1
01270|1|1953-04-12|||SWE|Asian||1
01271|2|1983-09-19|2025-06-15|Type 2 diabetes mellitus|SVK|European||2
01272|1|1998-09-09|2025-08-18||LTU|Black||1
01273|2|1998-08-10|2025-04-03|Liver cirrhosis|GRC|European||1
01274|2|1976-11-17|2025-06-20|Type 2 diabetes mellitus|ROU|European||1
01275|2|1932-06-30|||DNK|European||2
01276|1|1984-04-04|||NLD|Middle Eastern or North African||1
01277|1|1932-01-14|||PRT|Middle Eastern or North African||2
01278|2|1946-11-09|2025-06-25||SVN|Asian||2
01279|1|1937-11-17|2025-05-03||NLD|European||1
01280|2|1975-02-28|2025-04-27||LUX|European||1
01281|2|1950-07-16|2025-08-27|Pneumonia|IRL|Asian||2
01282|2|1987-04-07|2025-06-16|Chronic obstructive pulmonary disease (COPD)|SWE|Asian||2
01283|1|1984-11-15|||LTU|European||2
01284|1|1963-12-13|2025-07-03|Parkinson’s disease|DNK|Pakistani||2
01285|2|1929-11-13|||SVN|Japanese||2
01286|1|1984-06-08|2025-06-05|Chronic obstructive pulmonary disease (COPD)|CHE|American Indian||2
01287|2|1927-11-14|2025-04-10|Acute myocardial infarction|SVN|European||1
01288|1|1930-11-21|2025-06-15|Colon cancer|MLT|European||2
01289|2|1942-05-23|2025-05-28|Ischemic stroke|GRC|European||2
01290|2|1995-02-23|||CHE|European||2
01291|2|1964-04-06|2025-08-20|Acute myeloid leukemia|PRT|Black||2
01292|2|1970-09-19|2025-06-05||ESP|European||1
01293|2|1944-06-08|2025-08-09|Liver cirrhosis|AND|European||2
01294|2|2006-08-29|||DNK|Middle Eastern or North African||1
01295|1|1930-04-27|||LUX|European||2
01296|2|1956-10-27|2025-07-17|Chronic kidney failure|IRL|European||1
01297|2|1975-11-14|2025-10-11|Acute myeloid leukemia|NLD|European||2
01298|1|1934-09-26|2025-03-28||ESP|Middle Eastern or North African||1
01299|1|1942-03-29|||EST|Middle Eastern or North African||1
01300|2|2000-02-15|2025-03-19|Pneumonia|DNK|Chinese||1
01301|1|1944-09-30|2025-06-09|Breast cancer|SWE|European||2
01302|1|2000-02-23|||BEL|American Indian||2
01303|1|1976-10-16|2025-09-06|Chronic kidney failure|FRA|European||2
01304|2|1999-11-10|||DNK|European||2
01305|2|1953-07-30|||CHE|Asian||2
01306|2|1946-07-31|||CHE|European||2
01307|2|1939-11-21|2025-07-10|Intracerebral hemorrhage|SWE|American Indian||1
01308|2|1987-07-02|2025-09-11||ROU|European||1
01309|1|1991-03-19|||GRC|Asian||2
01310|2|1952-10-17|||NLD|Middle Eastern or North African||2
01311|1|1972-01-28|||EST|Japanese||2
01312|1|1975-07-26|2025-06-02|Parkinson’s disease|AUT|European||1
01313|1|1980-02-22|2025-04-25||HUN|European||1
01314|2|1928-12-05|2025-06-13|Acute myeloid leukemia|ESP|Pakistani||1
01315|2|1990-09-07|||LIE|European||2
01316|1|1960-08-28|||LUX|Chinese||2
01317|2|1986-11-15|2025-07-05|Chronic kidney failure|LUX|European||1
01318|1|1935-03-24|||BEL|Black||2
01319|1|1944-11-20|||SVK|European||1
01320|1|1928-12-21|2025-09-16||GRC|Asian||2
01321|1|1933-02-23|2025-08-02|Chronic kidney failure|FRA|Middle Eastern or North African||1
01322|2|1948-08-30|||HUN|Asian||1
01323|1|1949-12-29|||LVA|Chinese||1
01324|1|1999-12-01|2025-07-15||FIN|European||1
01325|2|2003-06-25|||BEL|European||2
01326|1|1997-07-09|||HUN|American Indian||2
01327|2|1996-04-24|2025-08-23|Lung cancer|LVA|Black||1
01328|1|1941-09-06|||FIN|Pakistani||1
01329|2|1962-07-03|2025-07-05|Congestive heart failure|FIN|European||1
01330|1|1935-03-08|||HUN|European||2
01331|2|1932-03-10|2025-10-03||FRA|European||2
01332|1|1938-05-18|2025-08-19||NOR|European||2
01333|2|1997-03-25|2025-05-16|Acute myocardial infarction|POL|European||1
01334|2|1936-02-02|||EST|American Indian||1
01335|2|1974-02-01|2025-09-07|Type 2 diabetes mellitus|LIE|European||2
01336|2|1997-10-18|||CZE|European||2
01337|1|1953-09-29|2025-09-10|Sepsis|EST|European||1
01338|1|1955-09-07|||ROU|European||2
01339|1|1949-12-23|2025-04-07|Colon cancer|AND|Middle Eastern or North African||1
01340|1|1983-07-24|||CZE|Middle Eastern or North African||2
01341|2|1996-05-22|||SVN|European||1
01342|1|1957-04-10|2025-03-31|Liver cirrhosis|HUN|European||2
01343|2|1929-10-17|||CZE|European||1
01344|2|1959-01-15|||SVK|European||1
01345|1|1963-05-22|||DEU|European||1
01346|2|1971-10-22|||SWE|American Indian||2
01347|1|1936-12-02|||UKR|European||2
01348|2|1998-01-23|||DEU|European||2
01349|2|1996-04-13|2025-06-28||EST|European||1
01350|1|1960-12-24|2025-06-10||ITA|European||1
01351|2|1958-09-11|||AND|European||2
01352|2|1940-02-19|2025-05-16||IRL|Middle Eastern or North African||2
01353|1|1969-01-18|2025-07-23||LTU|European||1
01354|1|1995-10-04|2025-04-15|Chronic obstructive pulmonary disease (COPD)|NOR|European||2
01355|1|1946-12-11|2025-07-23||FIN|Chinese||2
01356|2|1934-04-07|2025-05-12||IRL|American Indian||1
01357|1|1960-09-12|2025-04-17|Pneumonia|AND|American Indian||1
01358|2|1972-04-07|2025-06-06|Intracerebral hemorrhage|DEU|Black||1
01359|1|1976-09-09|||PRT|Asian||2
01360|1|1952-03-27|||MLT|American Indian||1
01361|1|2006-04-15|||BEL|Pakistani||2
01362|2|2002-06-23|||UKR|European||1
01363|1|1933-01-26|||SVN|European||2
01364|2|1997-10-09|2025-06-07||NLD|European||1
01365|2|1988-06-21|||LUX|European||1
01366|1|1960-05-13|2025-04-02||POL|European||1
01367|1|2000-09-09|2025-06-15|Traffic accident|ESP|Pakistani||1
01368|2|1990-03-26|2025-08-12|Parkinson’s disease|POL|European||2
01369|2|1983-08-31|2025-09-16|Suicide by intentional self-harm|FIN|European||2
01370|1|1999-06-24|||EST|Asian||2
01371|1|1961-11-21|||ITA|Middle Eastern or North African||2
01372|2|1964-12-15|||FIN|Black||1
01373|1|1991-01-19|||AUT|European||2
01374|1|1958-03-03|||PRT|Middle Eastern or North African||2
01375|1|2002-06-17|||NOR|Asian||2
01376|1|1972-10-11|2025-08-26|Intracerebral hemorrhage|BEL|Asian||2
01377|1|1989-06-21|2025-06-18|Congestive heart failure|NLD|Chinese||1
01378|1|1932-04-29|||SWE|Chinese||2
01379|2|1967-09-26|2025-07-01|Ischemic stroke|NOR|European||1
01380|1|1954-11-18|||EST|European||2
01381|2|1933-08-30|||FIN|European||2
01382|1|1987-04-10|2025-06-23|Chronic obstructive pulmonary disease (COPD)|PRT|European||1
01383|2|1985-05-25|||SVN|European||2
01384|1|1980-04-14|2025-04-17|Sepsis|POL|European||2
01385|2|1975-01-19|2025-03-29|Lung cancer|LTU|Asian||1
01386|1|1970-09-30|||NOR|European||2
01387|2|1988-11-09|||ESP|Black||1
01388|1|1935-06-24|2025-08-21|Essential hypertension|CZE|American Indian||1
01389|2|1968-06-27|||LTU|Pakistani||1
01390|1|1983-11-09|2025-05-02|Lung cancer|POL|European||2
01391|2|1985-09-28|||FRA|European||1
01392|1|1948-11-16|||AUT|Middle Eastern or North African||1
01393|1|1989-11-21|2025-06-28|Pneumonia|LVA|European||1
01394|2|1941-01-04|2025-09-10||SVN|European||2
01395|1|1946-01-06|||AND|European||2
01396|2|1976-02-26|||LTU|European||2
01397|2|2002-02-06|2025-06-20||DNK|European||1
01398|1|1974-09-01|2025-05-23|Suicide by intentional self-harm|ESP|Chinese||2
01399|1|2003-03-31|||FRA|European||2
01400|2|2003-04-16|||IRL|American Indian||1
01401|2|1992-01-27|||LVA|American Indian||1
01402|1|1931-07-30|2025-08-23||PRT|European||2
01403|1|1961-03-23|||ITA|European||2
01404|2|1948-12-20|2025-07-27||DEU|Black||1
01405|2|1986-05-22|||FIN|Black||1
01406|2|1981-04-23|2025-08-06|Chronic kidney failure|DNK|Chinese||1
01407|2|1971-02-24|||ITA|European||2
01408|2|2006-03-10|2025-07-20|Alcoholic liver disease|EST|European||2
01409|2|1936-11-18|||PRT|European||2
01410|2|1958-01-09|2025-08-03|Chronic obstructive pulmonary disease (COPD)|PRT|Middle Eastern or North African||2
01411|2|1978-04-21|||NOR|European||2
01412|1|1942-02-18|||SVK|European||2
01413|2|1965-09-24|2025-07-01|Intracerebral hemorrhage|NOR|Black||1
01414|2|1990-08-24|||MLT|Unknown||2
01415|2|2007-08-04|||FIN|Black||2
01416|1|1964-05-03|||LIE|European||2
01417|2|1973-09-16|2025-05-24|Suicide by intentional self-harm|SWE|Middle Eastern or North African||2
01418|1|1944-09-01|2025-03-12||SVK|European||2
01419|2|2005-02-20|||BEL|European||1
01420|1|1992-03-27|||POL|European||1
01421|1|1964-02-27|||DEU|European||1
01422|1|1965-03-08|||POL|European||2
01423|1|1967-12-27|||UKR|European||1
01424|1|1935-02-05|||DNK|European||2
01425|1|2001-08-05|2025-08-09||DEU|European||1
01426|2|1971-10-07|2025-04-25||BEL|European||1
01427|2|1944-04-01|2025-08-07|Type 2 diabetes mellitus|PRT|American Indian||1
01428|2|2007-12-06|2025-05-22||SVN|European||1
01429|2|1953-07-23|2025-09-12|Parkinson’s disease|ROU|European||2
01430|1|1977-09-22|||EST|European||1
01431|2|1976-12-17|||AND|European||2
01432|1|1972-01-21|2025-07-04|Sepsis|SVK|European||2
01433|1|1944-12-14|2025-03-17|Intracerebral hemorrhage|LIE|European||2
01434|2|1926-09-13|||DNK|Middle Eastern or North African||2
01435|2|1936-04-08|||LIE|European||1
01436|2|1948-09-08|2025-07-17|Pneumonia|SVK|Asian||1
01437|1|1972-10-20|||CHE|Middle Eastern or North African||1
01438|2|1956-01-15|2025-05-07|Suicide by intentional self-harm|EST|European||1
01439|2|1998-09-29|||UKR|Black||2
01440|1|1954-01-15|2025-08-29||IRL|European||1
01441|1|1981-12-28|||CZE|European||1
01442|1|1982-08-12|||POL|European||1
01443|2|1957-01-09|2025-08-13||GRC|European||2
01444|2|1926-03-29|2025-03-14|Chronic obstructive pulmonary disease (COPD)|HUN|European||2
01445|2|1926-02-02|||BEL|European||1
01446|1|1995-05-10|||CHE|Asian||1
01447|2|1974-10-14|||SVK|European||1
01448|1|1942-04-09|2025-07-23|Ischemic stroke|LUX|Black||1
01449|1|1926-03-21|||SWE|European||2
01450|2|1996-01-14|||DNK|Japanese||1
01451|2|1989-04-25|||SVN|American Indian||2
01452|1|1994-05-07|||LUX|American Indian||1
01453|1|1986-10-08|2025-06-15|Ischemic stroke|DNK|European||2
01454|1|1929-05-08|2025-07-29||NLD|Japanese||2
01455|1|2001-01-06|||CZE|Middle Eastern or North African||2
01456|2|1926-09-14|||LTU|European||1
01457|2|2001-01-24|2025-08-31|Colon cancer|EST|European||2
01458|1|1957-09-25|2025-06-19||CHE|European||2
01459|1|1971-11-11|||BEL|Middle Eastern or North African||1
01460|1|1946-01-20|2025-06-10||LVA|European||2
01461|2|1946-02-13|2025-08-26||DNK|Asian||2
01462|2|1938-03-27|||ITA|European||2
01463|2|1997-09-30|||IRL|Black||2
01464|1|2003-02-26|||NLD|Middle Eastern or North African||2
01465|2|1977-09-15|2025-07-27|Acute myocardial infarction|AUT|Middle Eastern or North African||2
01466|1|1951-08-17|2025-05-18||NOR|American Indian||2
01467|2|1998-11-20|2025-04-08|Essential hypertension|SVN|Pakistani||1
01468|1|1944-05-17|2025-07-17|Traffic accident|EST|American Indian||2
01469|1|1968-01-02|2025-07-03|Intracerebral hemorrhage|HUN|Black||1
01470|2|1944-09-07|||AND|European||1
01471|1|1944-05-25|||LUX|American Indian||1
01472|1|1975-05-02|2025-05-05|Alcoholic liver disease|DEU|Middle Eastern or North African||1
01473|2|1939-01-06|2025-03-23|Ischemic stroke|DEU|European||2
01474|2|2006-11-15|2025-06-22|Pneumonia|LUX|Pakistani||1
01475|1|2001-05-23|||NLD|Middle Eastern or North African||1
01476|2|1936-02-22|2025-08-25||PRT|European||2
01477|1|1981-05-25|2025-05-18|Essential hypertension|NLD|Black||1
01478|2|2007-08-23|||ITA|Middle Eastern or North African||2
01479|2|1962-01-11|2025-05-28||LUX|European||1
01480|1|1985-03-11|2025-04-27||GRC|European||2
01481|2|2005-09-04|||BEL|American Indian||1
01482|1|1934-09-13|2025-04-29|Breast cancer|BEL|European||1
01483|1|1972-05-07|||DEU|European||2
01484|2|1994-04-09|||DNK|European||2
01485|1|1984-02-12|2025-07-24|Acute myeloid leukemia|FRA|European||2
01486|2|1940-04-16|||POL|European||2
01487|2|1932-12-08|||POL|European||1
01488|2|1964-08-11|2025-10-10|Congestive heart failure|NOR|European||1
01489|2|1985-11-06|||AUT|Middle Eastern or North African||2
01490|1|1938-04-10|2025-07-20|Alcoholic liver disease|HUN|European||2
01491|1|1951-05-04|||LIE|Japanese||2
01492|1|1955-06-04|2025-03-20|Pneumonia|FIN|European||1
01493|2|1998-03-17|2025-06-14|Intracerebral hemorrhage|SVK|Middle Eastern or North African||1
01494|1|1956-03-27|2025-07-25||ESP|American Indian||2
01495|2|1988-04-06|2025-08-22||SVN|European||2
01496|1|1990-04-15|||ESP|Black||1
01497|2|1936-09-17|||SWE|Black||1
01498|2|1932-01-17|2025-06-20||LIE|European||2
01499|2|1947-07-22|||PRT|European||1
01500|1|1976-12-15|2025-07-29|Traffic accident|LUX|Black||1
01501|2|1961-10-10|||HUN|European||2
01502|2|1996-12-20|2025-07-04|Type 2 diabetes mellitus|DNK|European||1
01503|1|1927-11-04|2025-09-10|Liver cirrhosis|EST|European||2
01504|1|1967-09-17|||UKR|European||2
01505|1|2005-03-22|2025-08-21||FIN|European||2
01506|1|1995-10-29|||AUT|European||2
01507|2|1997-07-24|||CHE|European||2
01508|1|1975-02-15|||CHE|Middle Eastern or North African||2
01509|1|1948-03-05|2025-07-10||HUN|Asian||1
01510|2|1963-10-17|||GRC|European||2
01511|2|1989-11-13|||MLT|Black||2
01512|1|1992-02-29|2025-06-12|Ischemic stroke|ROU|European||2
01513|1|1999-10-17|2025-06-21|Chronic kidney failure|CZE|European||2
01514|2|1946-11-16|||HUN|European||1
01515|1|1926-06-19|||SVN|European||2
01516|2|1976-07-15|||HUN|Middle Eastern or North African||1
01517|1|2000-09-28|||LTU|European||1
01518|1|1931-06-03|||FIN|European||1
01519|2|1958-12-10|||NOR|European||2
01520|1|1994-05-13|2025-06-17|Sepsis|UKR|Black||1
01521|1|1934-10-20|2025-09-14|Essential hypertension|GRC|Chinese||2
01522|1|2001-10-28|||MLT|European||2
01523|2|1976-04-28|2025-07-17|Intracerebral hemorrhage|LVA|Black||2
01524|2|2007-05-15|2025-08-28|Chronic kidney failure|DNK|European||1
01525|1|2006-10-09|2025-07-25|Chronic obstructive pulmonary disease (COPD)|ROU|European||2
01526|1|1959-05-05|2025-08-09||MLT|European||1
01527|1|1980-01-18|2025-07-05|Alzheimer’s disease|UKR|European||2
01528|1|1960-05-22|||NOR|American Indian||1
01529|1|2000-11-12|||DEU|Black||1
01530|1|1938-05-09|2025-07-14|Breast cancer|ESP|European||1
01531|2|2001-10-30|||GRC|Asian||2
01532|1|1969-12-03|2025-09-07|Chronic obstructive pulmonary disease (COPD)|AND|Black||2
01533|1|1969-03-19|2025-06-14|Suicide by intentional self-harm|ESP|Asian||2
01534|2|1976-11-05|||LUX|European||2
01535|2|1987-08-21|2025-06-10|Traffic accident|LUX|Chinese||2
01536|1|1948-07-30|2025-07-18|Chronic obstructive pulmonary disease (COPD)|LTU|European||2
01537|2|1994-11-26|2025-08-17||GRC|European||1
01538|1|2003-04-06|||EST|European||2
01539|2|1945-12-28|||PRT|Pakistani||1
01540|1|1961-06-01|||SWE|European||1
01541|2|2005-02-25|2025-08-25|Liver cirrhosis|ROU|European||1
01542|2|1966-10-20|2025-09-06|Intracerebral hemorrhage|FIN|Middle Eastern or North African||2
01543|2|1977-08-29|||DEU|Unknown||2
01544|2|1978-11-20|2025-06-10||LIE|European||2
01545|1|1970-03-15|||HUN|European||1
01546|1|1959-12-18|2025-07-16||FIN|Middle Eastern or North African||2
01547|2|1970-07-19|||UKR|European||2
01548|2|1978-12-31|||NOR|European||2
01549|1|1944-09-19|||ROU|European||2
01550|1|1982-01-08|2025-07-23||ITA|Black||2
01551|1|1956-04-20|||CHE|European||1
01552|1|1993-08-23|||LIE|Chinese||2
01553|2|1965-09-28|2025-08-02|Essential hypertension|FRA|Middle Eastern or North African||2
01554|1|1951-09-12|2025-05-07|Sepsis|CHE|Unknown||1
01555|1|1973-12-03|2025-07-14||ITA|European||1
01556|2|1999-04-08|||HUN|European||2
01557|2|1969-04-02|2025-06-30|Acute myeloid leukemia|SVK|European||2
01558|2|1970-08-25|||POL|European||1
01559|2|1988-09-29|||LIE|Middle Eastern or North African||1
01560|1|1978-01-26|||CZE|European||1
01561|1|1982-05-13|||SVN|American Indian||1
01562|2|1976-06-01|||ITA|European||2
01563|1|1970-02-09|2025-06-21|Ischemic stroke|ROU|European||2
01564|2|2002-04-10|2025-08-05|Acute myocardial infarction|LUX|European||1
01565|2|1962-11-26|2025-04-04|Lung cancer|PRT|Asian||2
01566|1|1998-08-05|||FRA|Black||2
01567|2|1947-01-10|||LTU|European||1
01568|2|1967-03-05|||IRL|Middle Eastern or North African||2
01569|2|1937-07-28|2025-03-12||HUN|European||1
01570|1|1948-09-04|2025-06-15|Parkinson’s disease|POL|Chinese||1
01571|2|1943-09-07|||UKR|Middle Eastern or North African||2
01572|2|1936-03-22|2025-06-07||SVK|European||2
01573|2|1968-12-21|||LIE|Middle Eastern or North African||2
01574|1|1945-06-18|||FRA|Japanese||1
01575|2|1983-03-30|||LVA|European||2
01576|1|1973-06-26|||NLD|Black||2
01577|2|1962-09-23|2025-07-12|Intracerebral hemorrhage|BEL|Middle Eastern or North African||2
01578|1|2002-04-04|2025-07-23||ROU|Black||2
01579|1|2000-05-10|2025-08-08||LTU|European||2
01580|1|1978-03-28|||NLD|European||1
01581|2|1935-01-26|||HUN|American Indian||1
01582|1|1933-02-08|||SVK|Black||2
01583|2|1992-04-29|||SWE|European||2
01584|1|1967-01-09|2025-05-10||EST|Middle Eastern or North African||1
01585|2|2000-07-26|2025-07-19||LUX|European||2
01586|2|1957-11-29|||AND|Middle Eastern or North African||1
01587|1|1990-10-26|||AUT|Asian||2
01588|2|1940-03-26|2025-04-11||LIE|European||2
01589|1|1949-07-24|2025-06-24|Colon cancer|UKR|European||2
01590|1|1982-08-24|||ROU|European||1
01591|2|1967-01-09|2025-08-13|Pneumonia|NOR|European||1
01592|1|1946-03-26|2025-05-18|Suicide by intentional self-harm|IRL|European||2
01593|2|1966-10-31|2025-06-19||FIN|European||1
01594|2|1999-04-30|||DEU|Chinese||2
01595|2|1929-10-22|||DNK|Asian||1
01596|2|2006-04-14|||LTU|Middle Eastern or North African||1
01597|1|1985-07-26|||HUN|European||2
01598|1|1998-11-21|2025-08-12|Alzheimer’s disease|POL|European||2
01599|1|1998-12-10|2025-07-22|Congestive heart failure|SWE|European||2
01600|1|1959-04-07|2025-07-21||DEU|European||2
01601|2|1943-01-24|2025-06-28||LVA|Middle Eastern or North African||2
01602|2|1952-10-16|2025-07-12|Sepsis|DEU|Japanese||1
01603|2|1969-12-22|||LTU|Black||2
01604|2|1999-12-24|2025-05-18|Essential hypertension|AND|European||1
01605|2|1952-10-26|||CZE|European||1
01606|1|1960-06-05|2025-09-14|Pneumonia|HUN|European||2
01607|2|1970-08-07|||DNK|European||1
01608|1|1986-10-16|2025-07-07||LIE|American Indian||1
01609|2|2005-08-19|2025-05-23||SVK|European||2
01610|1|1992-07-20|||LUX|European||2
01611|2|1954-12-11|2025-11-04||ESP|European||2
01612|2|1998-01-01|||LVA|European||2
01613|2|1946-01-15|2025-04-08||EST|European||2
01614|2|1965-05-23|2025-04-11||FRA|European||2
01615|1|1926-07-05|2025-04-30|Intracerebral hemorrhage|PRT|European||1
01616|1|1935-05-28|||NLD|American Indian||1
01617|1|1969-04-11|||POL|European||1
01618|2|1966-06-15|||LUX|European||2
01619|2|1994-12-07|||FIN|American Indian||1
01620|1|1986-02-20|2025-05-15||CZE|Unknown||2
01621|1|1965-08-15|||LTU|European||1
01622|2|1930-09-25|||IRL|American Indian||2
01623|2|2001-08-03|||LVA|European||2
01624|2|1935-05-24|2025-06-18|Intracerebral hemorrhage|UKR|Black||2
01625|2|2005-04-26|||MLT|European||1
01626|2|1935-06-09|2025-05-20|Intracerebral hemorrhage|HUN|European||2
01627|1|1995-12-14|||EST|European||2
01628|2|1962-09-13|||LIE|Middle Eastern or North African||2
01629|2|1950-10-23|2025-04-24|Suicide by intentional self-harm|HUN|Asian||1
01630|1|1993-10-06|||DNK|European||2
01631|1|1953-10-28|2025-08-23|Alcoholic liver disease|SVN|European||1
01632|1|1961-03-07|||SWE|European||2
01633|1|1982-10-10|||EST|Chinese||2
01634|2|2004-05-16|||PRT|European||1
01635|2|1994-09-06|2025-05-22|Parkinson’s disease|ITA|European||1
01636|1|1984-06-30|2025-05-01|Sepsis|UKR|Middle Eastern or North African||1
01637|1|1999-11-17|||HUN|European||1
01638|1|1994-04-04|2025-08-11||DEU|Asian||1
01639|1|1991-02-14|||SWE|European||1
01640|1|1950-11-06|||LVA|Chinese||1
01641|2|1994-06-24|||DEU|European||1
01642|1|2004-07-14|2025-08-10||IRL|Black||1
01643|1|1979-09-11|||NLD|European||1
01644|1|1944-07-19|2025-07-01||SVK|Middle Eastern or North African||1
01645|2|1957-08-22|||FIN|European||2
01646|2|1974-02-09|||ROU|Black||1
01647|1|1932-10-24|2025-04-30||BEL|Middle Eastern or North African||1
01648|2|2002-01-02|||SVN|European||1
01649|1|1933-09-15|2025-05-21||AND|European||2
01650|2|2000-11-21|2025-07-12|Ischemic stroke|NLD|European||1
01651|2|1961-02-07|||DNK|European||2
01652|1|1948-12-06|||SVK|Black||2
01653|1|1968-12-27|||DNK|Middle Eastern or North African||2
01654|1|1960-08-14|||BEL|European||1
01655|1|1990-02-16|||LIE|Middle Eastern or North African||2
01656|2|1982-04-05|||SVN|European||1
01657|2|1961-01-18|2025-08-08|Acute myeloid leukemia|PRT|Chinese||2
01658|1|1981-01-09|2025-04-16||NLD|Black||2
01659|2|2000-06-25|2025-07-19||IRL|Unknown||1
01660|2|1962-07-31|2025-06-22||CZE|European||1
01661|2|2004-01-16|||ROU|Middle Eastern or North African||1
01662|2|1997-03-12|2025-08-23|Breast cancer|SVN|European||2
01663|1|1989-12-08|2025-05-11||FIN|European||1
01664|2|1996-05-22|||DNK|European||1
01665|2|1944-04-20|2025-07-22|Intracerebral hemorrhage|EST|American Indian||2
01666|2|1985-03-13|||CZE|American Indian||2
01667|2|1990-03-27|2025-09-24||NLD|Pakistani||2
01668|1|1944-12-27|2025-08-15||POL|Asian||1
01669|1|1975-01-07|||POL|Asian||2
01670|1|1962-05-10|2025-08-20|Congestive heart failure|PRT|Asian||1
01671|1|1972-02-26|2025-09-18|Alcoholic liver disease|LTU|European||2
01672|1|1938-08-08|||NLD|European||2
01673|1|2007-05-13|2025-04-07|Ischemic stroke|NOR|European||1
01674|2|1978-09-25|||NOR|European||2
01675|2|1972-11-10|||LTU|European||1
01676|2|1981-02-22|||GRC|Asian||2
01677|1|1997-03-26|2025-07-02||IRL|Chinese||1
01678|2|1965-03-14|2025-07-03|Colon cancer|ROU|Middle Eastern or North African||1
01679|2|1994-08-22|||POL|European||2
01680|1|1984-12-26|2025-07-20||DNK|Black||1
01681|2|1986-10-03|||UKR|European||1
01682|2|1991-03-19|||IRL|Black||2
01683|2|1934-01-23|||UKR|European||1
01684|2|1981-05-04|2025-07-29||DNK|European||1
01685|1|1945-09-18|2025-03-22|Ischemic stroke|CHE|Japanese||1
01686|1|1970-01-12|2025-05-16|Chronic kidney failure|LVA|European||2
01687|2|1936-02-02|||DEU|European||1
01688|1|1956-09-11|||EST|Black||2
01689|2|1954-02-24|||MLT|European||2
01690|2|1966-06-20|||SWE|European||1
01691|2|1987-03-27|||UKR|European||1
01692|2|2002-12-02|2025-07-15|Lung cancer|POL|European||2
01693|1|1994-06-09|2025-07-30|Chronic kidney failure|LUX|European||2
01694|1|1933-06-10|2025-07-10|Congestive heart failure|AND|Middle Eastern or North African||2
01695|1|1966-05-04|||DEU|Asian||2
01696|2|1946-04-09|2025-08-17|Essential hypertension|FRA|Unknown||2
01697|1|1997-05-24|||LIE|Chinese||1
01698|1|1929-07-17|2025-09-30||UKR|Asian||2
01699|2|1950-03-13|||NLD|Black||2
01700|2|2006-09-29|2025-08-04||CZE|European||1
01701|2|1991-04-11|2025-07-03||EST|European||1
01702|2|1930-08-13|2025-05-20|Pneumonia|CHE|European||1
01703|2|1926-09-16|2025-06-15|Intracerebral hemorrhage|DEU|European||1
01704|1|1945-11-08|||LUX|Black||1
01705|1|1936-10-05|2025-08-11||DNK|European||1
01706|2|1966-01-07|||LUX|European||1
01707|1|1967-02-01|||CHE|European||1
01708|2|1939-06-30|2025-06-11|Colon cancer|DNK|Asian||2
01709|1|1968-10-28|||BEL|Middle Eastern or North African||1
01710|1|1955-05-29|2025-06-11|Liver cirrhosis|SWE|European||2
01711|2|2005-02-23|||IRL|European||2
01712|1|1978-02-03|||CZE|Black||1
01713|1|1954-08-09|||ROU|American Indian||1
01714|2|1985-01-19|2025-03-25|Congestive heart failure|SVN|Black||1
01715|2|1974-11-25|2025-07-27|Liver cirrhosis|DNK|European||1
01716|1|1967-04-29|||SVN|European||2
01717|2|1931-02-23|2025-08-18||LUX|Chinese||2
01718|2|1990-07-12|||SWE|American Indian||2
01719|1|2002-11-04|||ITA|Black||1
01720|1|1969-11-30|||DNK|Unknown||2
01721|1|1967-08-26|2025-08-29|Suicide by intentional self-harm|ESP|European||1
01722|1|1946-10-13|2025-08-14|Breast cancer|GRC|European||2
01723|2|1954-07-24|||ROU|European||2
01724|2|1998-08-08|2025-08-25|Chronic obstructive pulmonary disease (COPD)|PRT|European||1
01725|1|1928-04-19|2025-07-07|Type 2 diabetes mellitus|SVN|European||2
01726|1|2001-08-23|2025-03-04|Acute myocardial infarction|MLT|European||1
01727|1|1977-12-03|||BEL|Middle Eastern or North African||2
01728|2|1966-11-03|2025-07-16|Pneumonia|CZE|Chinese||1
01729|1|1939-01-23|||SWE|Black||2
01730|1|2000-01-03|2025-06-01||ITA|Black||2
01731|2|1931-07-16|||LTU|European||1
01732|1|1989-04-30|2025-04-20||UKR|European||1
01733|2|1941-08-22|2025-08-14|Ischemic stroke|NOR|European||1
01734|2|1964-10-15|||ROU|Black||1
01735|2|1967-01-05|||DEU|European||2
01736|2|1936-01-13|2025-06-19|Type 2 diabetes mellitus|HUN|European||2
01737|1|1943-03-28|2025-05-06|Type 2 diabetes mellitus|DEU|Black||2
01738|2|1992-12-19|2025-07-30||SVK|Unknown||2
01739|1|1966-09-24|||MLT|European||1
01740|1|1931-06-09|||CZE|Unknown||2
01741|2|1964-11-04|2025-06-02|Suicide by intentional self-harm|LVA|Black||1
01742|2|1969-05-06|||PRT|Black||1
01743|1|1946-06-24|||IRL|European||1
01744|1|1938-02-04|||SVN|European||2
01745|2|1996-09-15|||PRT|European||1
01746|2|1971-04-25|||SWE|European||1
01747|1|1980-12-09|2025-07-29||UKR|European||1
01748|1|1957-07-13|2025-04-11|Essential hypertension|AND|European||1
01749|1|1936-02-15|||LTU|Middle Eastern or North African||2
01750|2|1968-04-25|||CHE|European||1
01751|2|1939-05-06|2025-05-25||ROU|European||1
01752|2|1983-03-17|||GRC|Middle Eastern or North African||2
01753|2|1961-03-09|2025-04-14||EST|European||1
01754|1|1939-12-10|2025-06-04|Pneumonia|DEU|European||1
01755|1|1950-11-28|2025-03-12|Alcoholic liver disease|FRA|European||2
01756|2|1984-08-04|||LVA|European||1
01757|1|1948-08-14|||POL|Japanese||2
01758|2|1997-08-29|||PRT|European||1
01759|2|1957-03-20|||LUX|European||2
01760|2|1936-02-25|2025-04-23|Liver cirrhosis|DEU|Black||2
01761|1|1936-08-27|2025-10-06|Ischemic stroke|LIE|European||1
01762|2|1937-07-17|2025-07-15||BEL|Middle Eastern or North African||1
01763|1|1972-09-13|||ROU|European||1
01764|1|1954-02-14|2025-07-12|Intracerebral hemorrhage|CHE|Asian||2
01765|2|2002-11-15|2025-09-05|Colon cancer|LIE|Middle Eastern or North African||1
01766|2|1938-03-27|||MLT|European||1
01767|1|1986-04-25|2025-05-19|Chronic kidney failure|SWE|European||2
01768|2|2007-01-30|||LIE|European||2
01769|2|1969-08-03|2025-09-21|Pneumonia|ITA|European||1
01770|1|1955-08-23|2025-06-06|Alzheimer’s disease|CHE|Japanese||2
01771|1|1951-01-20|||ITA|European||1
01772|2|1928-05-24|2025-06-13||CHE|Chinese||1
01773|1|1951-02-11|||AUT|European||1
01774|1|1970-01-07|2025-06-29|Breast cancer|POL|Middle Eastern or North African||1
01775|1|1953-02-19|||CHE|Black||1
01776|1|1979-10-15|2025-07-24|Ischemic stroke|ROU|European||1
01777|2|1946-07-14|||AUT|American Indian||1
01778|2|2007-12-04|||LTU|European||2
01779|1|1962-10-27|||DNK|European||2
01780|1|1960-09-29|||ROU|Chinese||1
01781|1|1994-12-14|2025-05-24|Ischemic stroke|LIE|Middle Eastern or North African||2
01782|2|1976-03-20|2025-04-21|Acute myeloid leukemia|NLD|Unknown||2
01783|2|1945-12-28|||LUX|European||1
01784|2|1965-10-10|||DEU|European||1
01785|2|1954-12-28|2025-07-26||DEU|European||1
01786|1|1964-05-10|||UKR|Middle Eastern or North African||1
01787|2|1984-01-22|2025-08-12|Suicide by intentional self-harm|BEL|Chinese||2
01788|2|1943-10-23|||LVA|American Indian||1
01789|2|1971-12-06|2025-07-01|Parkinson’s disease|UKR|European||1
01790|1|1998-04-05|2025-07-12||EST|European||2
01791|1|2004-11-30|2025-05-24|Alzheimer’s disease|LUX|Black||2
01792|1|1948-01-23|||ROU|European||2
01793|2|1994-06-30|||DEU|Asian||2
01794|2|1998-03-14|2025-06-26||LVA|European||1
01795|1|1973-09-09|2025-06-03|Suicide by intentional self-harm|GRC|European||1
01796|2|1960-05-19|2025-09-11|Chronic kidney failure|UKR|European||1
01797|1|1945-08-17|||FIN|European||1
01798|2|2007-08-04|||BEL|Japanese||2
01799|2|1993-05-15|2025-07-09|Alcoholic liver disease|ITA|Asian||1
01800|1|1928-02-11|||NLD|Black||2
01801|1|2006-01-02|2025-07-18|Pneumonia|ROU|European||1
01802|1|1938-06-23|2025-03-15|Breast cancer|AND|Middle Eastern or North African||1
01803|2|1938-06-04|2025-06-26||GRC|European||2
01804|2|1940-12-02|2025-05-06||BEL|European||1
01805|1|1991-09-26|||POL|European||2
01806|2|1985-07-11|2025-06-02||POL|Black||2
01807|2|1975-10-26|2025-08-26||AND|Japanese||2
01808|1|1939-05-27|2025-06-03|Lung cancer|AUT|European||2
01809|1|1975-12-03|2025-07-06||CHE|Pakistani||1
01810|2|1994-03-09|2025-07-19||DNK|European||2
01811|1|1993-12-16|||NOR|European||2
01812|2|1968-10-30|2025-06-05|Lung cancer|DNK|European||2
01813|1|1935-11-28|||BEL|European||2
01814|2|1961-06-10|||EST|European||1
01815|2|1934-05-11|||GRC|Asian||2
01816|2|1954-04-09|||NOR|European||1
01817|2|1932-05-11|||ROU|Middle Eastern or North African||1
01818|2|1994-01-09|2025-09-02||SVK|European||1
01819|1|1999-07-15|||CZE|European||2
01820|2|1980-09-19|||POL|European||2
01821|1|1985-08-31|||ROU|Middle Eastern or North African||1
01822|1|1984-12-27|2025-07-14|Type 2 diabetes mellitus|LVA|Black||1
01823|2|1989-07-30|2025-06-22|Alcoholic liver disease|BEL|European||2
01824|2|1980-05-12|||LTU|Asian||2
01825|1|1962-11-06|2025-08-09|Congestive heart failure|HUN|European||1
01826|1|1995-01-19|2025-07-16|Intracerebral hemorrhage|ESP|European||1
01827|1|1985-12-09|2025-08-10|Liver cirrhosis|PRT|Black||2
01828|1|1953-02-27|2025-06-03||ITA|European||1
01829|2|1946-10-21|||AND|Middle Eastern or North African||1
01830|1|1992-02-07|2025-05-31||LIE|European||2
01831|1|1945-12-12|||SWE|European||2
01832|1|1953-02-12|2025-06-23||AND|Chinese||1
01833|1|2000-01-07|2025-07-27|Acute myocardial infarction|LTU|European||1
01834|2|1929-04-01|2025-06-14||UKR|European||1
01835|2|1937-04-08|2025-02-28|Ischemic stroke|DNK|American Indian||1
01836|2|1962-05-14|2025-08-29|Acute myocardial infarction|ROU|European||1
01837|2|2002-12-11|||AND|European||2
01838|2|1981-03-11|2025-08-14|Ischemic stroke|FIN|European||1
01839|1|1939-02-15|||ITA|European||1
01840|1|1979-08-21|2025-07-30||NLD|Middle Eastern or North African||1
01841|2|1967-04-30|||LVA|European||2
01842|2|1981-03-05|||AUT|European||1
01843|1|1985-04-07|2025-05-22|Chronic kidney failure|LIE|Chinese||1
01844|1|1987-06-05|2025-08-06|Ischemic stroke|MLT|European||2
01845|2|1927-05-21|||PRT|Chinese||2
01846|1|1980-10-28|2025-07-04|Acute myeloid leukemia|AND|European||1
01847|2|1931-11-17|2025-08-11|Chronic obstructive pulmonary disease (COPD)|UKR|European||2
01848|1|1988-03-22|||HUN|European||1
01849|1|1965-09-13|||LUX|European||1
01850|2|1930-11-23|||NOR|Asian||1
01851|2|1976-12-15|||SVK|European||2
01852|2|1996-07-15|||SVK|Japanese||2
01853|1|1992-04-21|||AUT|European||1
01854|1|1951-03-26|2025-07-31|Liver cirrhosis|CZE|European||2
01855|2|2007-06-29|||CHE|European||2
01856|1|2004-09-10|2025-06-22|Chronic obstructive pulmonary disease (COPD)|SWE|European||1
01857|2|1990-06-21|||FRA|European||1
01858|1|1941-09-25|||SWE|European||2
01859|1|2006-12-19|2025-09-11||LTU|Middle Eastern or North African||1
01860|1|1939-07-10|2025-08-14||SVN|European||1
01861|1|1995-05-02|||ITA|European||1
01862|2|1964-07-15|2025-06-27|Breast cancer|ESP|European||2
01863|2|1957-12-03|2025-03-06||NLD|European||1
01864|1|1928-12-12|2025-07-15|Alcoholic liver disease|HUN|Black||2
01865|2|1971-01-26|||FRA|European||2
01866|2|1996-04-06|2025-04-10|Essential hypertension|EST|European||1
01867|2|1953-10-11|2025-07-07|Pneumonia|EST|Asian||1
01868|1|1974-01-02|2025-06-13|Chronic obstructive pulmonary disease (COPD)|FIN|European||1
01869|1|1930-04-18|||GRC|European||2
01870|1|1937-08-10|||CHE|European||1
01871|2|2000-09-15|||NLD|European||1
01872|2|1984-08-22|2025-04-05|Ischemic stroke|PRT|European||1
01873|2|1939-12-11|2025-09-11|Acute myocardial infarction|SWE|American Indian||2
01874|1|1949-03-18|||ITA|European||1
01875|2|1990-01-12|||UKR|Black||2
01876|2|2007-09-07|||LTU|European||2
01877|2|1973-05-18|||IRL|European||1
01878|2|1958-06-09|2025-04-18||UKR|Japanese||2
01879|1|1938-10-31|||AUT|European||2
01880|2|1999-03-20|2025-06-11|Chronic kidney failure|IRL|European||2
01881|1|1981-03-02|||IRL|European||2
01882|1|1988-02-25|2025-06-04|Sepsis|UKR|Black||1
01883|2|1962-04-18|2025-06-27|Liver cirrhosis|AUT|American Indian||1
01884|1|1962-01-15|||AUT|Middle Eastern or North African||1
01885|1|1968-12-30|2025-07-28|Alzheimer’s disease|SVK|American Indian||2
01886|1|1958-05-31|||LIE|European||1
01887|1|1966-12-09|||LUX|Middle Eastern or North African||1
01888|1|1943-01-03|2025-10-11|Alzheimer’s disease|NOR|European||2
01889|2|1991-05-10|||CHE|Black||1
01890|2|1940-12-07|||NOR|European||2
01891|2|1990-12-21|||SWE|European||1
01892|2|1975-04-27|||ESP|European||2
01893|2|1966-01-22|||DNK|European||1
01894|2|1995-12-26|||NLD|American Indian||2
01895|2|1991-02-20|||IRL|Middle Eastern or North African||1
01896|2|1976-10-02|||PRT|European||2
01897|2|1989-08-20|2025-06-29|Breast cancer|BEL|American Indian||2
01898|2|1971-08-13|2025-06-19|Acute myeloid leukemia|ESP|Middle Eastern or North African||2
01899|2|1975-02-28|||LUX|European||2
01900|1|1958-04-22|||LIE|European||1
01901|2|1947-05-06|2025-09-04|Pneumonia|LTU|Black||2
01902|1|1950-10-30|2025-06-27|Chronic kidney failure|DEU|European||2
01903|1|1999-01-19|||EST|European||2
01904|1|1955-09-20|2025-10-20|Intracerebral hemorrhage|ITA|Middle Eastern or North African||1
01905|2|1976-07-21|2025-06-02|Pneumonia|CHE|American Indian||2
01906|1|1928-02-23|||CZE|European||2
01907|2|1951-08-10|||SVK|European||1
01908|2|1953-08-26|2025-05-31|Acute myeloid leukemia|SWE|European||1
01909|1|1949-11-30|||DNK|Pakistani||2
01910|1|1980-07-01|2025-05-19|Alzheimer’s disease|SWE|European||2
01911|1|1987-08-11|||ROU|European||2
01912|2|2005-03-04|2025-09-17|Alcoholic liver disease|CHE|American Indian||1
01913|2|1986-03-15|||NOR|Japanese||2
01914|2|1952-04-15|||AUT|European||1
01915|1|1965-12-26|||ESP|European||1
01916|2|1939-05-20|||HUN|Asian||1
01917|1|1968-11-16|||AND|European||1
01918|1|1942-05-29|||LIE|European||2
01919|1|1983-10-20|2025-09-08|Congestive heart failure|ESP|Unknown||2
01920|1|1953-01-13|||FIN|European||1
01921|1|1993-05-17|||AND|Japanese||2
01922|2|1996-04-22|2025-08-25|Acute myocardial infarction|PRT|Chinese||1
01923|2|1978-07-13|||LIE|Black||1
01924|1|1997-05-01|||AND|Middle Eastern or North African||1
01925|1|1946-01-17|||ITA|European||2
01926|1|1937-11-21|||IRL|American Indian||2
01927|2|1967-06-22|||CZE|European||1
01928|1|1953-10-14|2025-05-07||DEU|Black||2
01929|2|1992-10-23|||IRL|European||1
01930|1|2004-08-08|2025-08-16|Traffic accident|ESP|European||2
01931|2|1990-03-15|||EST|European||1
01932|2|1935-10-13|||GRC|American Indian||2
01933|1|1968-12-24|2025-04-07|Parkinson’s disease|SVK|European||1
01934|1|1948-12-11|||ESP|European||2
01935|1|1961-09-19|2025-10-03|Chronic kidney failure|NLD|European||2
01936|2|1979-09-25|||FRA|European||1
01937|2|1974-12-19|||DEU|Chinese||2
01938|2|1958-03-08|||ITA|European||1
01939|1|1972-04-12|2025-04-02|Breast cancer|POL|European||2
01940|1|1982-03-01|2025-07-29||AND|European||2
01941|1|2002-08-18|||NOR|European||2
01942|2|1999-05-29|||SWE|Japanese||1
01943|1|1933-08-26|2025-08-04|Acute myocardial infarction|POL|European||1
01944|2|1955-09-21|2025-05-02|Parkinson’s disease|FRA|European||1
01945|1|1994-05-26|2025-06-17||ITA|Asian||2
01946|2|1987-08-26|2025-07-18|Alcoholic liver disease|EST|American Indian||1
01947|2|2000-06-10|2025-06-10||FIN|Unknown||1
01948|2|1989-05-28|2025-08-08|Liver cirrhosis|ITA|European||1
01949|1|1997-08-13|||FIN|Unknown||1
01950|2|1962-06-07|2025-07-07|Liver cirrhosis|NOR|European||1
01951|1|1950-09-18|2025-08-05|Type 2 diabetes mellitus|NOR|European||2
01952|1|1987-03-08|2025-05-30||MLT|Middle Eastern or North African||2
01953|2|1982-01-07|||MLT|European||2
01954|2|1930-11-21|||NOR|European||1
01955|1|1944-01-30|||FIN|European||1
01956|2|1949-05-10|||ESP|European||1
01957|1|1935-11-21|2025-07-26||AND|European||1
01958|2|1994-03-13|2025-06-07|Lung cancer|DNK|European||1
01959|1|1981-04-26|||NLD|European||2
01960|1|1955-10-02|||UKR|Chinese||1
01961|1|1937-10-16|||CHE|Black||2
01962|1|1955-11-26|||ESP|Black||1
01963|2|1966-09-10|2025-07-29||CZE|Black||1
01964|2|1944-04-24|2025-07-21||SWE|Chinese||1
01965|2|1983-07-15|2025-07-18|Chronic kidney failure|EST|Asian||1
01966|2|1943-11-08|||ROU|European||2
01967|1|1957-02-26|2025-05-31||AND|European||1
01968|1|1948-11-17|2025-06-29||FIN|Black||1
01969|2|2006-12-05|||AND|European||2
01970|2|2004-11-20|2025-09-25|Ischemic stroke|DNK|European||1
01971|1|1930-02-03|2025-05-11|Intracerebral hemorrhage|BEL|European||1
01972|1|1929-11-10|2025-05-17|Chronic kidney failure|FIN|European||2
01973|1|1988-09-08|||ESP|Black||2
01974|1|1929-12-30|2025-04-01||IRL|European||1
01975|2|1930-03-16|||LTU|Asian||2
01976|2|1984-02-05|2025-03-21|Ischemic stroke|CHE|Asian||1
01977|2|1962-11-14|2025-06-30|Acute myocardial infarction|CZE|Middle Eastern or North African||2
01978|2|1990-06-21|2025-07-10||BEL|European||1
01979|2|1958-02-19|2025-07-04||BEL|European||2
01980|1|2005-11-21|||AND|European||1
01981|2|1945-03-11|||EST|European||2
01982|1|1985-06-21|||ITA|European||2
01983|2|1944-06-27|||HUN|Unknown||2
01984|2|1935-03-28|||FRA|European||1
01985|2|1935-02-07|2025-07-12||HUN|European||1
01986|1|1942-03-15|2025-06-28||DEU|European||2
01987|1|1949-05-26|2025-06-30|Alzheimer’s disease|CZE|Black||2
01988|2|1985-06-25|2025-05-25|Colon cancer|SVK|American Indian||1
01989|1|1959-12-05|2025-07-30||LUX|Chinese||2
01990|1|1930-09-08|||EST|Middle Eastern or North African||1
01991|2|1955-01-09|2025-07-24||SVN|Middle Eastern or North African||1
01992|1|1932-04-23|2025-09-01|Chronic obstructive pulmonary disease (COPD)|ROU|European||1
01993|1|2004-03-30|2025-07-05|Type 2 diabetes mellitus|LUX|American Indian||2
01994|2|1929-06-08|||AND|European||2
01995|2|1980-10-04|||MLT|American Indian||1
01996|1|1964-03-14|||AND|European||1
01997|2|1985-10-18|2025-05-22|Alzheimer’s disease|NLD|European||2
01998|2|1984-02-18|2025-04-08||FRA|Pakistani||2
01999|1|1987-08-27|2025-07-04|Congestive heart failure|GRC|European||1